name,price,url
Подвесной светильник Ферум Orange,7340,https://www.divan.ru/product/podvesnoj-svetilnik-ferum-orange
Светильник потолочный Ринга Black,3670,https://www.divan.ru/product/svetilnik-potolochnyj-ringa-black
Торшер Бьйорк White,12 490,https://www.divan.ru/product/torsher-bjork-white
Подвесной светильник Тубули-5 Wood,13 960,https://www.divan.ru/product/podvesnoj-svetilnik-tubuli-5-wood
Бра Смастен White,7340,https://www.divan.ru/product/bra-smasten-white
Настольная лампа Арвика Wood,8810,https://www.divan.ru/product/nastolnaya-lampa-arvika-wood
Подвесной светильник Инлада Wood,10 280,https://www.divan.ru/product/podvesnoj-svetilnik-inlada-wood
Подвесной светильник Намсен Black,11 750,https://www.divan.ru/product/podvesnoj-svetilnik-namsen-black
Торшер Алней-2 White,10 280,https://www.divan.ru/product/torsher-alnej-2-white
Люстра Ливсден Brown,27 920,https://www.divan.ru/product/lyustra-livsden-brown
Подвесной светильник Гронтри-1 Wood,14 690,https://www.divan.ru/product/podvesnoj-svetilnik-grontri-1-wood
Бра Бракетт White,7340,https://www.divan.ru/product/bra-brakett-white
Подвесной светильник Отра Wood,18 370,https://www.divan.ru/product/podvesnoj-svetilnik-otra-wood
Торшер Алней-2 Black,10 280,https://www.divan.ru/product/torsher-alnej-2-black
Светильник потолочный Орхус White,24 980,https://www.divan.ru/product/svetilnik-potolochnyj-orhus-white
Подвесной светильник Рена Green,5140,https://www.divan.ru/product/podvesnoj-svetilnik-rena-green
Светильник потолочный Ринга White,3960,https://www.divan.ru/product/svetilnik-potolochnyj-ringa-white
Настольная лампа Логмар Black,10 280,https://www.divan.ru/product/nastolnaya-lampa-logmar-black
Бра Берит Black,8810,https://www.divan.ru/product/bra-berit-black
Подвесной светильник Кронор Black,11 750,https://www.divan.ru/product/podvesnoj-svetilnik-kronor-black
Настольная лампа Бьйорк White,5870,https://www.divan.ru/product/nastolnaya-lampa-bjork-white
Подвесной светильник Селау-2 Glass,5140,https://www.divan.ru/product/podvesnoj-svetilnik-selau-2-glass
Торшер Алней-2 Green,10 280,https://www.divan.ru/product/torsher-alnej-2-green
Подвесной светильник Джамби Rattan,14 690,https://www.divan.ru/product/podvesnoj-svetilnik-djambi-rattan
Бра Пинна Black,7340,https://www.divan.ru/product/bra-pinna-black
Подвесной светильник Бьйорк White,8080,https://www.divan.ru/product/podvesnoj-svetilnik-bjork-white
Торшер Осло Blue,26 450,https://www.divan.ru/product/torsher-oslo-blue
Настольная лампа Чэд Black,5870,https://www.divan.ru/product/nastolnaya-lampa-ched-black
Бра Бьйорк White,4400,https://www.divan.ru/product/bra-bjork-white
Подвесной светильник Арвика Wood,8080,https://www.divan.ru/product/podvesnoj-svetilnik-arvika-wood
Подвесной светильник Бенфлит Black,10 280,https://www.divan.ru/product/podvesnoj-svetilnik-benflit-black
Светильник потолочный Орхус Black,17 630,https://www.divan.ru/product/svetilnik-potolochnyj-orhus-black
Торшер Алней-2 Orange,10 280,https://www.divan.ru/product/torsher-alnej-2-orange
Настольная лампа Требен Orange,4840,https://www.divan.ru/product/nastolnaya-lampa-treben-orange
Подвесной светильник Ливсден Brown,7340,https://www.divan.ru/product/podvesnoj-svetilnik-livsden-brown
Настольная лампа Филикс Black,5870,https://www.divan.ru/product/nastolnaya-lampa-filiks-black
Подвесной светильник Бейла Black,6310,https://www.divan.ru/product/podvesnoj-svetilnik-bejla-black
Светильник потолочный Лаго White,12 490,https://www.divan.ru/product/svetilnik-potolochnyj-lago-white
Подвесной светильник Чинкве Silver,6310,https://www.divan.ru/product/podvesnoj-svetilnik-chinkve-silver
Торшер Энкель Black,8810,https://www.divan.ru/product/torsher-enkel-black
Люстра Малинг Multi,26 450,https://www.divan.ru/product/lyustra-maling-multi
Подвесной светильник Джамби-1 Rattan,9550,https://www.divan.ru/product/podvesnoj-svetilnik-djambi-1-rattan
Подвесной светильник Селау-1 Glass,5140,https://www.divan.ru/product/podvesnoj-svetilnik-selau-1-glass
Подвесной светильник Ферум Black,3670,https://www.divan.ru/product/podvesnoj-svetilnik-ferum-black
Бра Смастен Black,5140,https://www.divan.ru/product/bra-smasten-black
Подвесной светильник Кронор White,8080,https://www.divan.ru/product/podvesnoj-svetilnik-kronor-white
Подвесной светильник Тубули Wood,3370,https://www.divan.ru/product/podvesnoj-svetilnik-tubuli-wood
Подвесной светильник Ферум Grey,3670,https://www.divan.ru/product/podvesnoj-svetilnik-ferum-grey
Подвесной светильник Квина Black,10 280,https://www.divan.ru/product/podvesnoj-svetilnik-kvina-black
Подвесной светильник Бейла White,6310,https://www.divan.ru/product/podvesnoj-svetilnik-bejla-white
Подвесной светильник Гронтри Wood,11 020,https://www.divan.ru/product/podvesnoj-svetilnik-grontri-wood
Подвесной светильник Скара Wood,4400,https://www.divan.ru/product/podvesnoj-svetilnik-skara-wood
Настольная лампа Гросс White,6900,https://www.divan.ru/product/nastolnaya-lampa-gross-white
Подвесной светильник Чинкве Gold,6310,https://www.divan.ru/product/podvesnoj-svetilnik-chinkve-gold
Подвесной светильник Гронтри-2 Wood,20 570,https://www.divan.ru/product/podvesnoj-svetilnik-grontri-2-wood
Подвесной светильник Фюн White,4840,https://www.divan.ru/product/podvesnoj-svetilnik-fyun-white
Подвесной светильник Селау Glass,6310,https://www.divan.ru/product/podvesnoj-svetilnik-selau-glass
Подвесной светильник Исбит Transparent,8080,https://www.divan.ru/product/podvesnoj-svetilnik-isbit-transparent
Торшер Осло Black,24 980,https://www.divan.ru/product/torsher-oslo-black
Настольная лампа Астри Beige,1900,https://www.divan.ru/product/nastolnaya-lampa-astri-beige
Бра Бракетт Black,7340,https://www.divan.ru/product/bra-brakett-black
Подвесной светильник Малинг Black,10 280,https://www.divan.ru/product/podvesnoj-svetilnik-maling-black
Настольная лампа Машрум Pink,5870,https://www.divan.ru/product/nastolnaya-lampa-mashrum-pink
Подвесной светильник Клауд White,16 160,https://www.divan.ru/product/podvesnoj-svetilnik-klaud-white
Настольная лампа Истад Black,3370,https://www.divan.ru/product/nastolnaya-lampa-istad-black
Настольная лампа Синдри Grey,7340,https://www.divan.ru/product/nastolnaya-lampa-sindri-grey
Настольная лампа Манэт White,4400,https://www.divan.ru/product/nastolnaya-lampa-manet-white
Настольная лампа Леррет White,4400,https://www.divan.ru/product/nastolnaya-lampa-lerret-white
Люстра Синдри Black,16 160,https://www.divan.ru/product/lyustra-sindri-black
Торшер Портланд Black,11 750,https://www.divan.ru/product/torsher-portland-black
Подвесной светильник Полярик Silver,8220,https://www.divan.ru/product/podvesnoj-svetilnik-polyarik-silver
Подвесной светильник Лечче Black,4840,https://www.divan.ru/product/podvesnoj-svetilnik-lechche-black
Люстра Гейза Black,16 160,https://www.divan.ru/product/lyustra-gejza-black
Торшер Флиммер Black,7780,https://www.divan.ru/product/torsher-flimmer-black
Настольная лампа Ливсден Brown,13 220,https://www.divan.ru/product/nastolnaya-lampa-livsden-brown
Настольная лампа Спайк White,1460,https://www.divan.ru/product/nastolnaya-lampa-spajk-white
Подвесной светильник Малинг Beige,10 280,https://www.divan.ru/product/podvesnoj-svetilnik-maling-beige
Подвесной светильник Кэндел Black,5870,https://www.divan.ru/product/podvesnoj-svetilnik-kendel-black
Подвесной светильник Сансет White,6310,https://www.divan.ru/product/podvesnoj-svetilnik-sanset-white
Подвесной светильник Малинг Orange,9840,https://www.divan.ru/product/podvesnoj-svetilnik-maling-orange
Настольная лампа Рибе Black,2930,https://www.divan.ru/product/nastolnaya-lampa-ribe-black
Настольная лампа Снибальд White,1020,https://www.divan.ru/product/nastolnaya-lampa-snibald-white
Подвесной светильник Сансет Black,8810,https://www.divan.ru/product/podvesnoj-svetilnik-sanset-black
Настольная лампа Арбет White,2490,https://www.divan.ru/product/nastolnaya-lampa-arbet-white
Настольная лампа Гейза Orange,5870,https://www.divan.ru/product/nastolnaya-lampa-gejza-orange
Бра Флиммер Black,2930,https://www.divan.ru/product/bra-flimmer-black
Настольная лампа Гейза Pink,3670,https://www.divan.ru/product/nastolnaya-lampa-gejza-pink
Настольная лампа Арбет Orange,3960,https://www.divan.ru/product/nastolnaya-lampa-arbet-orange
Подвесной светильник Бабл-9,33 210,https://www.divan.ru/product/podvesnoj-svetilnik-babl-9
Люстра Флиммер Black,9550,https://www.divan.ru/product/lyustra-flimmer-black
Настольная лампа Гейза Black,5870,https://www.divan.ru/product/nastolnaya-lampa-gejza-black
Настольная лампа Арбет Beige,3960,https://www.divan.ru/product/nastolnaya-lampa-arbet-beige
Подвесной светильник Флиммер Black,2930,https://www.divan.ru/product/podvesnoj-svetilnik-flimmer-black
Настольная лампа Флиммер Black,4840,https://www.divan.ru/product/nastolnaya-lampa-flimmer-black
Настольная лампа Истад White,3370,https://www.divan.ru/product/nastolnaya-lampa-istad-white
Настольная лампа Арбет Black,3960,https://www.divan.ru/product/nastolnaya-lampa-arbet-black
Настольная лампа Астри Black,1900,https://www.divan.ru/product/nastolnaya-lampa-astri-black
Настольная лампа Дэнди White,6610,https://www.divan.ru/product/nastolnaya-lampa-dendi-white
Настольная лампа Дэнди Black,6610,https://www.divan.ru/product/nastolnaya-lampa-dendi-black
Торшер Варио White,11 750,https://www.divan.ru/product/torsher-vario-white
Бра Варио Black,1750,https://www.divan.ru/product/bra-vario-black
Подвесной светильник Кэндел White,3670,https://www.divan.ru/product/podvesnoj-svetilnik-kendel-white
Подвесной светильник Маро Green,11 160,https://www.divan.ru/product/podvesnoj-svetilnik-maro-green
Бра Galdakao-1,9690,https://www.divan.ru/product/bra-galdakao
Торшер Билли White,29 390,https://www.divan.ru/product/torsher-billi-white
Бра Bolla-Unica,7780,https://www.divan.ru/product/bra-bolla-unica
Подвесной светильник Narices-1,44 530,https://www.divan.ru/product/podvesnoj-svetilnik-narices-1
Подвесной светильник Кая Black,4400,https://www.divan.ru/product/podvesnoj-svetilnik-kaya-black
Подвесной светильник Талли Black,11 020,https://www.divan.ru/product/podvesnoj-svetilnik-talli-black
Спот Лайт-1 White,4250,https://www.divan.ru/product/spot-lajt-1-white
Бра Nevy Silver,12 780,https://www.divan.ru/product/bra-nevy-silver
Подвесной светильник Priddy,14 540,https://www.divan.ru/product/podvesnoj-svetilnik-priddy
Подвесной светильник Ридж Grey,5140,https://www.divan.ru/product/podvesnoj-svetilnik-ridj-grey
Подвесной светильник Ридж White,4840,https://www.divan.ru/product/podvesnoj-svetilnik-ridj-white
Торшер Moderli Floor White,11 750,https://www.divan.ru/product/torsher-moderli-floor-white
Торшер Омаха White,14 100,https://www.divan.ru/product/torsher-omaha-white
Настольная лампа Junior-2,4690,https://www.divan.ru/product/nastolnaya-lampa-junior-2
Настольная лампа Дэви White,13 510,https://www.divan.ru/product/nastolnaya-lampa-devi-white
Торшер Раффи Round,17 630,https://www.divan.ru/product/torsher-raffi-round
Настольная лампа Сканди White,7340,https://www.divan.ru/product/nastolnaya-lampa-skandi-white
Настольная лампа Требен White,4840,https://www.divan.ru/product/nastolnaya-lampa-treben-white
Торшер Рэй Black,7780,https://www.divan.ru/product/torsher-rej-black
Настольная лампа Клауд White,23 510,https://www.divan.ru/product/nastolnaya-lampa-klaud-white
Настольная лампа Рибе Orange,2930,https://www.divan.ru/product/nastolnaya-lampa-ribe-orange
Настольная лампа Леррет Beige,5870,https://www.divan.ru/product/nastolnaya-lampa-lerret-beige
Подвесной светильник Портланд Black,5280,https://www.divan.ru/product/podvesnoj-svetilnik-portland-black
Торшер Гросс White,11 750,https://www.divan.ru/product/torsher-gross-white
Торшер Клауд White,26 890,https://www.divan.ru/product/torsher-klaud-white
Настольная лампа Сфера Black,7930,https://www.divan.ru/product/nastolnaya-lampa-sfera-black
Торшер Осло White,24 980,https://www.divan.ru/product/torsher-oslo-white
Торшер Алней Black,11 750,https://www.divan.ru/product/torsher-alnej-black
Торшер Ливсден Brown,17 630,https://www.divan.ru/product/torsher-livsden-brown
Подвесной светильник Малинг Olive,9840,https://www.divan.ru/product/podvesnoj-svetilnik-maling-olive
Торшер Алней Green,11 750,https://www.divan.ru/product/torsher-alnej-green
Торшер Алней Orange,11 750,https://www.divan.ru/product/torsher-alnej-orange
Настольная лампа Алней Green,5870,https://www.divan.ru/product/nastolnaya-lampa-alnej-green
Бра Варио White,2930,https://www.divan.ru/product/bra-vario-white
Настольная лампа Рэй Black,5280,https://www.divan.ru/product/nastolnaya-lampa-rej-black
Торшер Логмар Silver,29 390,https://www.divan.ru/product/torsher-logmar-silver
Торшер Сканди White,14 690,https://www.divan.ru/product/torsher-skandi-white
Настольная лампа Раффи Round,10 280,https://www.divan.ru/product/nastolnaya-lampa-raffi-round
Настольная лампа Алней Orange,5870,https://www.divan.ru/product/nastolnaya-lampa-alnej-orange
Торшер Логмар Black,32 330,https://www.divan.ru/product/torsher-logmar-black
Настольная лампа Спайк Green,1460,https://www.divan.ru/product/nastolnaya-lampa-spajk-green
Настольная лампа Алней Black,5870,https://www.divan.ru/product/nastolnaya-lampa-alnej-black
Торшер Отто Black,11 750,https://www.divan.ru/product/torsher-otto-black
Торшер Флинт-1 White,11 460,https://www.divan.ru/product/torsher-flint-1-white
Настольная лампа Алней Beige,5870,https://www.divan.ru/product/nastolnaya-lampa-alnej-beige
Настольная лампа Флейк White,11 750,https://www.divan.ru/product/nastolnaya-lampa-flejk-white
Торшер Шоу Black,17 630,https://www.divan.ru/product/torsher-shou-black
Торшер Нидлс Khaki,22 040,https://www.divan.ru/product/torsher-nidls-khaki
Настольная лампа Сфера Orange,7930,https://www.divan.ru/product/nastolnaya-lampa-sfera-orange
Настольная лампа Спайк Orange,1460,https://www.divan.ru/product/nastolnaya-lampa-spajk-orange
Подвесной светильник Бабл Quartz,16 900,https://www.divan.ru/product/podvesnoj-svetilnik-babl-quartz
Торшер Флейк White,19 390,https://www.divan.ru/product/torsher-flejk-white
